--
-- PostgreSQL database dump
--

\restrict v458SyxoHCElxiVH1pEFwTPHIH6hozR71qp8KTRujghLMxXKfHhb6IjzabsubVb

-- Dumped from database version 15.14 (Debian 15.14-0+deb12u1)
-- Dumped by pg_dump version 15.14 (Debian 15.14-0+deb12u1)

SET statement_timeout = 0;
SET lock_timeout = 0;
SET idle_in_transaction_session_timeout = 0;
SET client_encoding = 'UTF8';
SET standard_conforming_strings = on;
SELECT pg_catalog.set_config('search_path', '', false);
SET check_function_bodies = false;
SET xmloption = content;
SET client_min_messages = warning;
SET row_security = off;

SET default_tablespace = '';

SET default_table_access_method = heap;

--
-- Name: auth_group; Type: TABLE; Schema: public; Owner: vasco
--

CREATE TABLE public.auth_group (
    id integer NOT NULL,
    name character varying(150) NOT NULL
);


ALTER TABLE public.auth_group OWNER TO vasco;

--
-- Name: auth_group_id_seq; Type: SEQUENCE; Schema: public; Owner: vasco
--

ALTER TABLE public.auth_group ALTER COLUMN id ADD GENERATED BY DEFAULT AS IDENTITY (
    SEQUENCE NAME public.auth_group_id_seq
    START WITH 1
    INCREMENT BY 1
    NO MINVALUE
    NO MAXVALUE
    CACHE 1
);


--
-- Name: auth_group_permissions; Type: TABLE; Schema: public; Owner: vasco
--

CREATE TABLE public.auth_group_permissions (
    id bigint NOT NULL,
    group_id integer NOT NULL,
    permission_id integer NOT NULL
);


ALTER TABLE public.auth_group_permissions OWNER TO vasco;

--
-- Name: auth_group_permissions_id_seq; Type: SEQUENCE; Schema: public; Owner: vasco
--

ALTER TABLE public.auth_group_permissions ALTER COLUMN id ADD GENERATED BY DEFAULT AS IDENTITY (
    SEQUENCE NAME public.auth_group_permissions_id_seq
    START WITH 1
    INCREMENT BY 1
    NO MINVALUE
    NO MAXVALUE
    CACHE 1
);


--
-- Name: auth_permission; Type: TABLE; Schema: public; Owner: vasco
--

CREATE TABLE public.auth_permission (
    id integer NOT NULL,
    name character varying(255) NOT NULL,
    content_type_id integer NOT NULL,
    codename character varying(100) NOT NULL
);


ALTER TABLE public.auth_permission OWNER TO vasco;

--
-- Name: auth_permission_id_seq; Type: SEQUENCE; Schema: public; Owner: vasco
--

ALTER TABLE public.auth_permission ALTER COLUMN id ADD GENERATED BY DEFAULT AS IDENTITY (
    SEQUENCE NAME public.auth_permission_id_seq
    START WITH 1
    INCREMENT BY 1
    NO MINVALUE
    NO MAXVALUE
    CACHE 1
);


--
-- Name: auth_user; Type: TABLE; Schema: public; Owner: vasco
--

CREATE TABLE public.auth_user (
    id integer NOT NULL,
    password character varying(128) NOT NULL,
    last_login timestamp with time zone,
    is_superuser boolean NOT NULL,
    username character varying(150) NOT NULL,
    first_name character varying(150) NOT NULL,
    last_name character varying(150) NOT NULL,
    email character varying(254) NOT NULL,
    is_staff boolean NOT NULL,
    is_active boolean NOT NULL,
    date_joined timestamp with time zone NOT NULL
);


ALTER TABLE public.auth_user OWNER TO vasco;

--
-- Name: auth_user_groups; Type: TABLE; Schema: public; Owner: vasco
--

CREATE TABLE public.auth_user_groups (
    id bigint NOT NULL,
    user_id integer NOT NULL,
    group_id integer NOT NULL
);


ALTER TABLE public.auth_user_groups OWNER TO vasco;

--
-- Name: auth_user_groups_id_seq; Type: SEQUENCE; Schema: public; Owner: vasco
--

ALTER TABLE public.auth_user_groups ALTER COLUMN id ADD GENERATED BY DEFAULT AS IDENTITY (
    SEQUENCE NAME public.auth_user_groups_id_seq
    START WITH 1
    INCREMENT BY 1
    NO MINVALUE
    NO MAXVALUE
    CACHE 1
);


--
-- Name: auth_user_id_seq; Type: SEQUENCE; Schema: public; Owner: vasco
--

ALTER TABLE public.auth_user ALTER COLUMN id ADD GENERATED BY DEFAULT AS IDENTITY (
    SEQUENCE NAME public.auth_user_id_seq
    START WITH 1
    INCREMENT BY 1
    NO MINVALUE
    NO MAXVALUE
    CACHE 1
);


--
-- Name: auth_user_user_permissions; Type: TABLE; Schema: public; Owner: vasco
--

CREATE TABLE public.auth_user_user_permissions (
    id bigint NOT NULL,
    user_id integer NOT NULL,
    permission_id integer NOT NULL
);


ALTER TABLE public.auth_user_user_permissions OWNER TO vasco;

--
-- Name: auth_user_user_permissions_id_seq; Type: SEQUENCE; Schema: public; Owner: vasco
--

ALTER TABLE public.auth_user_user_permissions ALTER COLUMN id ADD GENERATED BY DEFAULT AS IDENTITY (
    SEQUENCE NAME public.auth_user_user_permissions_id_seq
    START WITH 1
    INCREMENT BY 1
    NO MINVALUE
    NO MAXVALUE
    CACHE 1
);


--
-- Name: django_admin_log; Type: TABLE; Schema: public; Owner: vasco
--

CREATE TABLE public.django_admin_log (
    id integer NOT NULL,
    action_time timestamp with time zone NOT NULL,
    object_id text,
    object_repr character varying(200) NOT NULL,
    action_flag smallint NOT NULL,
    change_message text NOT NULL,
    content_type_id integer,
    user_id integer NOT NULL,
    CONSTRAINT django_admin_log_action_flag_check CHECK ((action_flag >= 0))
);


ALTER TABLE public.django_admin_log OWNER TO vasco;

--
-- Name: django_admin_log_id_seq; Type: SEQUENCE; Schema: public; Owner: vasco
--

ALTER TABLE public.django_admin_log ALTER COLUMN id ADD GENERATED BY DEFAULT AS IDENTITY (
    SEQUENCE NAME public.django_admin_log_id_seq
    START WITH 1
    INCREMENT BY 1
    NO MINVALUE
    NO MAXVALUE
    CACHE 1
);


--
-- Name: django_content_type; Type: TABLE; Schema: public; Owner: vasco
--

CREATE TABLE public.django_content_type (
    id integer NOT NULL,
    app_label character varying(100) NOT NULL,
    model character varying(100) NOT NULL
);


ALTER TABLE public.django_content_type OWNER TO vasco;

--
-- Name: django_content_type_id_seq; Type: SEQUENCE; Schema: public; Owner: vasco
--

ALTER TABLE public.django_content_type ALTER COLUMN id ADD GENERATED BY DEFAULT AS IDENTITY (
    SEQUENCE NAME public.django_content_type_id_seq
    START WITH 1
    INCREMENT BY 1
    NO MINVALUE
    NO MAXVALUE
    CACHE 1
);


--
-- Name: django_migrations; Type: TABLE; Schema: public; Owner: vasco
--

CREATE TABLE public.django_migrations (
    id bigint NOT NULL,
    app character varying(255) NOT NULL,
    name character varying(255) NOT NULL,
    applied timestamp with time zone NOT NULL
);


ALTER TABLE public.django_migrations OWNER TO vasco;

--
-- Name: django_migrations_id_seq; Type: SEQUENCE; Schema: public; Owner: vasco
--

ALTER TABLE public.django_migrations ALTER COLUMN id ADD GENERATED BY DEFAULT AS IDENTITY (
    SEQUENCE NAME public.django_migrations_id_seq
    START WITH 1
    INCREMENT BY 1
    NO MINVALUE
    NO MAXVALUE
    CACHE 1
);


--
-- Name: django_session; Type: TABLE; Schema: public; Owner: vasco
--

CREATE TABLE public.django_session (
    session_key character varying(40) NOT NULL,
    session_data text NOT NULL,
    expire_date timestamp with time zone NOT NULL
);


ALTER TABLE public.django_session OWNER TO vasco;

--
-- Name: website_benefit; Type: TABLE; Schema: public; Owner: vasco
--

CREATE TABLE public.website_benefit (
    id bigint NOT NULL,
    title character varying(255) NOT NULL,
    statistic_value character varying(50) NOT NULL,
    icon_class character varying(100) NOT NULL,
    description text NOT NULL,
    "order" integer NOT NULL,
    CONSTRAINT website_benefit_order_check CHECK (("order" >= 0))
);


ALTER TABLE public.website_benefit OWNER TO vasco;

--
-- Name: website_benefit_id_seq; Type: SEQUENCE; Schema: public; Owner: vasco
--

ALTER TABLE public.website_benefit ALTER COLUMN id ADD GENERATED BY DEFAULT AS IDENTITY (
    SEQUENCE NAME public.website_benefit_id_seq
    START WITH 1
    INCREMENT BY 1
    NO MINVALUE
    NO MAXVALUE
    CACHE 1
);


--
-- Name: website_client; Type: TABLE; Schema: public; Owner: vasco
--

CREATE TABLE public.website_client (
    id bigint NOT NULL,
    name character varying(255) NOT NULL,
    logo character varying(100)
);


ALTER TABLE public.website_client OWNER TO vasco;

--
-- Name: website_client_id_seq; Type: SEQUENCE; Schema: public; Owner: vasco
--

ALTER TABLE public.website_client ALTER COLUMN id ADD GENERATED BY DEFAULT AS IDENTITY (
    SEQUENCE NAME public.website_client_id_seq
    START WITH 1
    INCREMENT BY 1
    NO MINVALUE
    NO MAXVALUE
    CACHE 1
);


--
-- Name: website_contactmessage; Type: TABLE; Schema: public; Owner: vasco
--

CREATE TABLE public.website_contactmessage (
    id bigint NOT NULL,
    name character varying(255) NOT NULL,
    email character varying(254) NOT NULL,
    phone character varying(20),
    subject character varying(255) NOT NULL,
    message text NOT NULL,
    created_at timestamp with time zone NOT NULL,
    is_read boolean NOT NULL
);


ALTER TABLE public.website_contactmessage OWNER TO vasco;

--
-- Name: website_contactmessage_id_seq; Type: SEQUENCE; Schema: public; Owner: vasco
--

ALTER TABLE public.website_contactmessage ALTER COLUMN id ADD GENERATED BY DEFAULT AS IDENTITY (
    SEQUENCE NAME public.website_contactmessage_id_seq
    START WITH 1
    INCREMENT BY 1
    NO MINVALUE
    NO MAXVALUE
    CACHE 1
);


--
-- Name: website_post; Type: TABLE; Schema: public; Owner: vasco
--

CREATE TABLE public.website_post (
    id bigint NOT NULL,
    title character varying(255) NOT NULL,
    slug character varying(50) NOT NULL,
    content text NOT NULL,
    excerpt text,
    featured_image character varying(100),
    published_date timestamp with time zone,
    is_published boolean NOT NULL,
    views_count integer NOT NULL,
    created_at timestamp with time zone NOT NULL,
    updated_at timestamp with time zone NOT NULL,
    author_id integer NOT NULL,
    CONSTRAINT website_post_views_count_check CHECK ((views_count >= 0))
);


ALTER TABLE public.website_post OWNER TO vasco;

--
-- Name: website_post_id_seq; Type: SEQUENCE; Schema: public; Owner: vasco
--

ALTER TABLE public.website_post ALTER COLUMN id ADD GENERATED BY DEFAULT AS IDENTITY (
    SEQUENCE NAME public.website_post_id_seq
    START WITH 1
    INCREMENT BY 1
    NO MINVALUE
    NO MAXVALUE
    CACHE 1
);


--
-- Name: website_product; Type: TABLE; Schema: public; Owner: vasco
--

CREATE TABLE public.website_product (
    id bigint NOT NULL,
    name character varying(255) NOT NULL,
    slug character varying(50) NOT NULL,
    image character varying(100),
    specifications jsonb,
    description text NOT NULL,
    price_range character varying(100),
    is_featured boolean NOT NULL,
    "order" integer NOT NULL,
    category_id bigint NOT NULL,
    CONSTRAINT website_product_order_check CHECK (("order" >= 0))
);


ALTER TABLE public.website_product OWNER TO vasco;

--
-- Name: website_product_id_seq; Type: SEQUENCE; Schema: public; Owner: vasco
--

ALTER TABLE public.website_product ALTER COLUMN id ADD GENERATED BY DEFAULT AS IDENTITY (
    SEQUENCE NAME public.website_product_id_seq
    START WITH 1
    INCREMENT BY 1
    NO MINVALUE
    NO MAXVALUE
    CACHE 1
);


--
-- Name: website_productcategory; Type: TABLE; Schema: public; Owner: vasco
--

CREATE TABLE public.website_productcategory (
    id bigint NOT NULL,
    name character varying(255) NOT NULL,
    slug character varying(50) NOT NULL,
    description text,
    icon_class character varying(100) NOT NULL,
    "order" integer NOT NULL,
    CONSTRAINT website_productcategory_order_check CHECK (("order" >= 0))
);


ALTER TABLE public.website_productcategory OWNER TO vasco;

--
-- Name: website_productcategory_id_seq; Type: SEQUENCE; Schema: public; Owner: vasco
--

ALTER TABLE public.website_productcategory ALTER COLUMN id ADD GENERATED BY DEFAULT AS IDENTITY (
    SEQUENCE NAME public.website_productcategory_id_seq
    START WITH 1
    INCREMENT BY 1
    NO MINVALUE
    NO MAXVALUE
    CACHE 1
);


--
-- Name: website_service; Type: TABLE; Schema: public; Owner: vasco
--

CREATE TABLE public.website_service (
    id bigint NOT NULL,
    title character varying(255) NOT NULL,
    slug character varying(50) NOT NULL,
    description text NOT NULL,
    icon_class character varying(100) NOT NULL,
    featured_image character varying(100),
    "order" integer NOT NULL,
    is_active boolean NOT NULL,
    CONSTRAINT website_service_order_check CHECK (("order" >= 0))
);


ALTER TABLE public.website_service OWNER TO vasco;

--
-- Name: website_service_id_seq; Type: SEQUENCE; Schema: public; Owner: vasco
--

ALTER TABLE public.website_service ALTER COLUMN id ADD GENERATED BY DEFAULT AS IDENTITY (
    SEQUENCE NAME public.website_service_id_seq
    START WITH 1
    INCREMENT BY 1
    NO MINVALUE
    NO MAXVALUE
    CACHE 1
);


--
-- Name: website_siteconfig; Type: TABLE; Schema: public; Owner: vasco
--

CREATE TABLE public.website_siteconfig (
    id bigint NOT NULL,
    company_name character varying(255) NOT NULL,
    logo character varying(100),
    email character varying(254) NOT NULL,
    phone character varying(20) NOT NULL,
    address text NOT NULL,
    map_embed_code text,
    facebook_url character varying(200),
    twitter_url character varying(200),
    linkedin_url character varying(200),
    instagram_url character varying(200),
    singleton_enforcer boolean NOT NULL
);


ALTER TABLE public.website_siteconfig OWNER TO vasco;

--
-- Name: website_siteconfig_id_seq; Type: SEQUENCE; Schema: public; Owner: vasco
--

ALTER TABLE public.website_siteconfig ALTER COLUMN id ADD GENERATED BY DEFAULT AS IDENTITY (
    SEQUENCE NAME public.website_siteconfig_id_seq
    START WITH 1
    INCREMENT BY 1
    NO MINVALUE
    NO MAXVALUE
    CACHE 1
);


--
-- Name: website_teammember; Type: TABLE; Schema: public; Owner: vasco
--

CREATE TABLE public.website_teammember (
    id bigint NOT NULL,
    name character varying(255) NOT NULL,
    "position" character varying(255) NOT NULL,
    bio text NOT NULL,
    photo character varying(100),
    email character varying(254),
    linkedin_url character varying(200),
    "order" integer NOT NULL,
    is_active boolean NOT NULL,
    CONSTRAINT website_teammember_order_check CHECK (("order" >= 0))
);


ALTER TABLE public.website_teammember OWNER TO vasco;

--
-- Name: website_teammember_id_seq; Type: SEQUENCE; Schema: public; Owner: vasco
--

ALTER TABLE public.website_teammember ALTER COLUMN id ADD GENERATED BY DEFAULT AS IDENTITY (
    SEQUENCE NAME public.website_teammember_id_seq
    START WITH 1
    INCREMENT BY 1
    NO MINVALUE
    NO MAXVALUE
    CACHE 1
);


--
-- Name: website_testimonial; Type: TABLE; Schema: public; Owner: vasco
--

CREATE TABLE public.website_testimonial (
    id bigint NOT NULL,
    name character varying(255) NOT NULL,
    company character varying(255) NOT NULL,
    "position" character varying(255) NOT NULL,
    quote text NOT NULL
);


ALTER TABLE public.website_testimonial OWNER TO vasco;

--
-- Name: website_testimonial_id_seq; Type: SEQUENCE; Schema: public; Owner: vasco
--

ALTER TABLE public.website_testimonial ALTER COLUMN id ADD GENERATED BY DEFAULT AS IDENTITY (
    SEQUENCE NAME public.website_testimonial_id_seq
    START WITH 1
    INCREMENT BY 1
    NO MINVALUE
    NO MAXVALUE
    CACHE 1
);


--
-- Data for Name: auth_group; Type: TABLE DATA; Schema: public; Owner: vasco
--

COPY public.auth_group (id, name) FROM stdin;
\.


--
-- Data for Name: auth_group_permissions; Type: TABLE DATA; Schema: public; Owner: vasco
--

COPY public.auth_group_permissions (id, group_id, permission_id) FROM stdin;
\.


--
-- Data for Name: auth_permission; Type: TABLE DATA; Schema: public; Owner: vasco
--

COPY public.auth_permission (id, name, content_type_id, codename) FROM stdin;
1	Can add log entry	1	add_logentry
2	Can change log entry	1	change_logentry
3	Can delete log entry	1	delete_logentry
4	Can view log entry	1	view_logentry
5	Can add permission	2	add_permission
6	Can change permission	2	change_permission
7	Can delete permission	2	delete_permission
8	Can view permission	2	view_permission
9	Can add group	3	add_group
10	Can change group	3	change_group
11	Can delete group	3	delete_group
12	Can view group	3	view_group
13	Can add user	4	add_user
14	Can change user	4	change_user
15	Can delete user	4	delete_user
16	Can view user	4	view_user
17	Can add content type	5	add_contenttype
18	Can change content type	5	change_contenttype
19	Can delete content type	5	delete_contenttype
20	Can view content type	5	view_contenttype
21	Can add session	6	add_session
22	Can change session	6	change_session
23	Can delete session	6	delete_session
24	Can view session	6	view_session
25	Can add benefit	7	add_benefit
26	Can change benefit	7	change_benefit
27	Can delete benefit	7	delete_benefit
28	Can view benefit	7	view_benefit
29	Can add client	8	add_client
30	Can change client	8	change_client
31	Can delete client	8	delete_client
32	Can view client	8	view_client
33	Can add contact message	9	add_contactmessage
34	Can change contact message	9	change_contactmessage
35	Can delete contact message	9	delete_contactmessage
36	Can view contact message	9	view_contactmessage
37	Can add Product Category	10	add_productcategory
38	Can change Product Category	10	change_productcategory
39	Can delete Product Category	10	delete_productcategory
40	Can view Product Category	10	view_productcategory
41	Can add service	11	add_service
42	Can change service	11	change_service
43	Can delete service	11	delete_service
44	Can view service	11	view_service
45	Can add Site Configuration	12	add_siteconfig
46	Can change Site Configuration	12	change_siteconfig
47	Can delete Site Configuration	12	delete_siteconfig
48	Can view Site Configuration	12	view_siteconfig
49	Can add team member	13	add_teammember
50	Can change team member	13	change_teammember
51	Can delete team member	13	delete_teammember
52	Can view team member	13	view_teammember
53	Can add testimonial	14	add_testimonial
54	Can change testimonial	14	change_testimonial
55	Can delete testimonial	14	delete_testimonial
56	Can view testimonial	14	view_testimonial
57	Can add post	15	add_post
58	Can change post	15	change_post
59	Can delete post	15	delete_post
60	Can view post	15	view_post
61	Can add Product	16	add_product
62	Can change Product	16	change_product
63	Can delete Product	16	delete_product
64	Can view Product	16	view_product
\.


--
-- Data for Name: auth_user; Type: TABLE DATA; Schema: public; Owner: vasco
--

COPY public.auth_user (id, password, last_login, is_superuser, username, first_name, last_name, email, is_staff, is_active, date_joined) FROM stdin;
1	pbkdf2_sha256$1000000$WZfz60YoYeIKptMQIIAe4v$jB5uMUsiOCtgRty+HDgQBppZSEvlQ8gwMjaaob/VbLk=	2025-12-02 05:43:09.168604+03	t	vasco			vascotechsol@gmail.com	t	t	2025-11-27 16:18:46.284754+03
\.


--
-- Data for Name: auth_user_groups; Type: TABLE DATA; Schema: public; Owner: vasco
--

COPY public.auth_user_groups (id, user_id, group_id) FROM stdin;
\.


--
-- Data for Name: auth_user_user_permissions; Type: TABLE DATA; Schema: public; Owner: vasco
--

COPY public.auth_user_user_permissions (id, user_id, permission_id) FROM stdin;
\.


--
-- Data for Name: django_admin_log; Type: TABLE DATA; Schema: public; Owner: vasco
--

COPY public.django_admin_log (id, action_time, object_id, object_repr, action_flag, change_message, content_type_id, user_id) FROM stdin;
1	2025-11-27 21:17:14.540381+03	1	24/7 Remote Monitoring	1	[{"added": {}}]	11	1
2	2025-11-28 17:04:58.35353+03	1	Silent Eye Security	1	[{"added": {}}]	12	1
3	2025-11-28 17:08:32.323861+03	1	Silent Eye Security	2	[{"changed": {"fields": ["Linkedin url"]}}]	12	1
4	2025-11-28 17:13:07.133421+03	1	Silent Eye Security	2	[{"changed": {"fields": ["Facebook url", "Instagram url", "Map embed code"]}}]	12	1
5	2025-11-28 19:19:13.062423+03	1	Silent Eye Security	2	[]	12	1
6	2025-11-28 19:26:25.852935+03	1	The Evolution of IP Surveillance Cameras\t Slug	1	[{"added": {}}]	15	1
7	2025-11-28 19:28:48.676738+03	1	Alarm Systems	1	[{"added": {}}]	10	1
8	2025-11-28 19:31:13.295675+03	1	Smart Touch Panel Hub	1	[{"added": {}}]	16	1
9	2025-11-28 19:33:45.813905+03	1	Central Bank Tower	1	[{"added": {}}]	8	1
10	2025-11-28 19:34:18.037966+03	1	Testimonial by Mark R.	1	[{"added": {}}]	14	1
11	2025-11-28 19:38:12.527954+03	1	Alex Barnaba	1	[{"added": {}}]	13	1
12	2025-11-28 19:38:37.325905+03	1	Alex Barnaba	2	[{"changed": {"fields": ["Linkedin url"]}}]	13	1
13	2025-11-28 19:49:20.839671+03	1	Years of Expertise	1	[{"added": {}}]	7	1
14	2025-11-28 19:49:50.419645+03	2	24/7 Monitoring	1	[{"added": {}}]	7	1
15	2025-11-28 19:51:25.727629+03	3	Total Installations	1	[{"added": {}}]	7	1
16	2025-11-30 00:44:37.337853+03	1	Silent Eye Security	2	[{"changed": {"fields": ["Logo"]}}]	12	1
\.


--
-- Data for Name: django_content_type; Type: TABLE DATA; Schema: public; Owner: vasco
--

COPY public.django_content_type (id, app_label, model) FROM stdin;
1	admin	logentry
2	auth	permission
3	auth	group
4	auth	user
5	contenttypes	contenttype
6	sessions	session
7	website	benefit
8	website	client
9	website	contactmessage
10	website	productcategory
11	website	service
12	website	siteconfig
13	website	teammember
14	website	testimonial
15	website	post
16	website	product
\.


--
-- Data for Name: django_migrations; Type: TABLE DATA; Schema: public; Owner: vasco
--

COPY public.django_migrations (id, app, name, applied) FROM stdin;
1	contenttypes	0001_initial	2025-11-27 16:17:22.595186+03
2	auth	0001_initial	2025-11-27 16:17:23.994909+03
3	admin	0001_initial	2025-11-27 16:17:24.317587+03
4	admin	0002_logentry_remove_auto_add	2025-11-27 16:17:24.350165+03
5	admin	0003_logentry_add_action_flag_choices	2025-11-27 16:17:24.384162+03
6	contenttypes	0002_remove_content_type_name	2025-11-27 16:17:24.454317+03
7	auth	0002_alter_permission_name_max_length	2025-11-27 16:17:24.483483+03
8	auth	0003_alter_user_email_max_length	2025-11-27 16:17:24.532676+03
9	auth	0004_alter_user_username_opts	2025-11-27 16:17:24.568434+03
10	auth	0005_alter_user_last_login_null	2025-11-27 16:17:24.60131+03
11	auth	0006_require_contenttypes_0002	2025-11-27 16:17:24.606608+03
12	auth	0007_alter_validators_add_error_messages	2025-11-27 16:17:24.632451+03
13	auth	0008_alter_user_username_max_length	2025-11-27 16:17:24.724713+03
14	auth	0009_alter_user_last_name_max_length	2025-11-27 16:17:24.817835+03
15	auth	0010_alter_group_name_max_length	2025-11-27 16:17:24.89885+03
16	auth	0011_update_proxy_permissions	2025-11-27 16:17:24.935388+03
17	auth	0012_alter_user_first_name_max_length	2025-11-27 16:17:24.96239+03
18	sessions	0001_initial	2025-11-27 16:17:25.229816+03
19	website	0001_initial	2025-11-27 16:17:27.059158+03
20	website	0002_siteconfig_singleton_enforcer	2025-12-02 05:41:00.634265+03
\.


--
-- Data for Name: django_session; Type: TABLE DATA; Schema: public; Owner: vasco
--

COPY public.django_session (session_key, session_data, expire_date) FROM stdin;
1i76wbnearnhc8t8utk9jtvatkwixrt2	.eJxVjDsOwyAQBe9CbSGbzwIp0-cMaIElOIlAMnYV5e6JJRdx-2bmvZnHbS1-67T4ObELm9jwvwWMT6o7SA-s98Zjq-syB74r_KCd31qi1_VwTwcFe_nVUU6KFEanA0rIBrQhTVlZjdI4sNbIoHKGLMQICkFYo0cIzgohHYBjny_T1Dav:1vObtp:rF7Di8sayrERrUCvfHA5qbywz6n8Xt7jii-MSNgVE1Q	2025-12-11 16:19:05.39116+03
cyrsoepjhzwoahfnmazaswtwuxcimgk6	.eJxVjDsOwyAQBe9CbSGbzwIp0-cMaIElOIlAMnYV5e6JJRdx-2bmvZnHbS1-67T4ObELm9jwvwWMT6o7SA-s98Zjq-syB74r_KCd31qi1_VwTwcFe_nVUU6KFEanA0rIBrQhTVlZjdI4sNbIoHKGLMQICkFYo0cIzgohHYBjny_T1Dav:1vOxLG:U-apmEaQz0O8wlxjF5TSYd124Yx15NeXmUr8NjOJvxo	2025-12-12 15:12:50.244354+03
sjxjh088i3v0o3gci97p1bf0d6k9sbau	.eJxVjDsOwyAQBe9CbSGbzwIp0-cMaIElOIlAMnYV5e6JJRdx-2bmvZnHbS1-67T4ObELm9jwvwWMT6o7SA-s98Zjq-syB74r_KCd31qi1_VwTwcFe_nVUU6KFEanA0rIBrQhTVlZjdI4sNbIoHKGLMQICkFYo0cIzgohHYBjny_T1Dav:1vPSjj:UQ1_XXEHuJwabT9Har27nUTZxSLwDAwVKNe9CDCBvOY	2025-12-14 00:44:11.165293+03
u582dd1loibq6d9qp5o4a95m343r7z64	.eJxVjDsOwyAQBe9CbSGbzwIp0-cMaIElOIlAMnYV5e6JJRdx-2bmvZnHbS1-67T4ObELm9jwvwWMT6o7SA-s98Zjq-syB74r_KCd31qi1_VwTwcFe_nVUU6KFEanA0rIBrQhTVlZjdI4sNbIoHKGLMQICkFYo0cIzgohHYBjny_T1Dav:1vQGM9:6Sq19f1PGQvhI1fcqtonDZ6hGtexTszJDZDjdxPO8HI	2025-12-16 05:43:09.22486+03
\.


--
-- Data for Name: website_benefit; Type: TABLE DATA; Schema: public; Owner: vasco
--

COPY public.website_benefit (id, title, statistic_value, icon_class, description, "order") FROM stdin;
1	Years of Expertise	15+	bi-award	Over 15 years in the security industry, providing trusted protection to thousands.	1
2	24/7 Monitoring	24/7	bi-clock-history	Our central monitoring station is staffed around the clock, every day of the year.	2
3	Total Installations	2,500+	bi-geo-alt	We have secured over 2,500 residential and commercial properties in the region.	3
\.


--
-- Data for Name: website_client; Type: TABLE DATA; Schema: public; Owner: vasco
--

COPY public.website_client (id, name, logo) FROM stdin;
1	Central Bank Tower	clients/equity-bank-logo.png
\.


--
-- Data for Name: website_contactmessage; Type: TABLE DATA; Schema: public; Owner: vasco
--

COPY public.website_contactmessage (id, name, email, phone, subject, message, created_at, is_read) FROM stdin;
\.


--
-- Data for Name: website_post; Type: TABLE DATA; Schema: public; Owner: vasco
--

COPY public.website_post (id, title, slug, content, excerpt, featured_image, published_date, is_published, views_count, created_at, updated_at, author_id) FROM stdin;
1	The Evolution of IP Surveillance Cameras\t Slug	the-evolution-of-ip-surveillance-cameras-slug	Since their introduction, IP cameras have transformed security with high resolution, analytics, and remote access. We explore how far the technology has come.	A brief look at the shift from analog to digital security systems and the benefits of modern network technology.		2025-11-28 19:26:22+03	t	2	2025-11-28 19:26:25.803593+03	2025-11-28 19:26:25.803606+03	1
\.


--
-- Data for Name: website_product; Type: TABLE DATA; Schema: public; Owner: vasco
--

COPY public.website_product (id, name, slug, image, specifications, description, price_range, is_featured, "order", category_id) FROM stdin;
1	Smart Touch Panel Hub	smart-touch-panel-hub	products/smart-hub-and-phone_doorbell-outdoor-copy.PNG	[{"key": "Display", "value": "7-inch HD Touch"}, {"key": "Connectivity", "value": "Wi-Fi, Z-Wave, LTE"}, {"key": "Battery", "value": "24-hour backup"}]	Central command unit for the entire security network, featuring voice control and instant alerts.	5500-100000	t	0	1
\.


--
-- Data for Name: website_productcategory; Type: TABLE DATA; Schema: public; Owner: vasco
--

COPY public.website_productcategory (id, name, slug, description, icon_class, "order") FROM stdin;
1	Alarm Systems	alarm-systems	Modern smart home and business alarm solutions, from intrusion detection to life safety.	bi-bell	1
\.


--
-- Data for Name: website_service; Type: TABLE DATA; Schema: public; Owner: vasco
--

COPY public.website_service (id, title, slug, description, icon_class, featured_image, "order", is_active) FROM stdin;
1	24/7 Remote Monitoring	247-remote-monitoring	Our central station provides non-stop surveillance and immediate dispatch services, ensuring the fastest possible response to any alarm event	bi-shield-fill-check	services/pexels-dsd-143941-914635.jpg	10	t
\.


--
-- Data for Name: website_siteconfig; Type: TABLE DATA; Schema: public; Owner: vasco
--

COPY public.website_siteconfig (id, company_name, logo, email, phone, address, map_embed_code, facebook_url, twitter_url, linkedin_url, instagram_url, singleton_enforcer) FROM stdin;
1	Silent Eye Security	logos/logo_450vr26.png	silenteye@vascotech.com	0723754676	P.O BOX 451287-00800	<iframe src="[Google Maps Embed URL]..." width="600" height="450" style="border:0;" allowfullscreen="" loading="lazy"></iframe>	https://web.facebook.com/kennedy.taragon	https://x.com/kennvasco	https://www.linkedin.com/in/kennedytaragon/	https://www.instagram.com/vasco_kenn/	t
\.


--
-- Data for Name: website_teammember; Type: TABLE DATA; Schema: public; Owner: vasco
--

COPY public.website_teammember (id, name, "position", bio, photo, email, linkedin_url, "order", is_active) FROM stdin;
1	Alex Barnaba	Lead Systems Architect	Alex oversees all large-scale commercial system deployments, ensuring seamless integration and reliability.	team/cto.jpg	alex@gmail.com	https://linkedin.com/in/alex-chen-security	1	t
\.


--
-- Data for Name: website_testimonial; Type: TABLE DATA; Schema: public; Owner: vasco
--

COPY public.website_testimonial (id, name, company, "position", quote) FROM stdin;
1	Mark R.	Apex Logistics	Operations Manager	"SecureGuard installed a comprehensive system that cut our inventory loss by 90% within the first month. Exceptional service."
\.


--
-- Name: auth_group_id_seq; Type: SEQUENCE SET; Schema: public; Owner: vasco
--

SELECT pg_catalog.setval('public.auth_group_id_seq', 1, false);


--
-- Name: auth_group_permissions_id_seq; Type: SEQUENCE SET; Schema: public; Owner: vasco
--

SELECT pg_catalog.setval('public.auth_group_permissions_id_seq', 1, false);


--
-- Name: auth_permission_id_seq; Type: SEQUENCE SET; Schema: public; Owner: vasco
--

SELECT pg_catalog.setval('public.auth_permission_id_seq', 64, true);


--
-- Name: auth_user_groups_id_seq; Type: SEQUENCE SET; Schema: public; Owner: vasco
--

SELECT pg_catalog.setval('public.auth_user_groups_id_seq', 1, false);


--
-- Name: auth_user_id_seq; Type: SEQUENCE SET; Schema: public; Owner: vasco
--

SELECT pg_catalog.setval('public.auth_user_id_seq', 1, true);


--
-- Name: auth_user_user_permissions_id_seq; Type: SEQUENCE SET; Schema: public; Owner: vasco
--

SELECT pg_catalog.setval('public.auth_user_user_permissions_id_seq', 1, false);


--
-- Name: django_admin_log_id_seq; Type: SEQUENCE SET; Schema: public; Owner: vasco
--

SELECT pg_catalog.setval('public.django_admin_log_id_seq', 16, true);


--
-- Name: django_content_type_id_seq; Type: SEQUENCE SET; Schema: public; Owner: vasco
--

SELECT pg_catalog.setval('public.django_content_type_id_seq', 16, true);


--
-- Name: django_migrations_id_seq; Type: SEQUENCE SET; Schema: public; Owner: vasco
--

SELECT pg_catalog.setval('public.django_migrations_id_seq', 20, true);


--
-- Name: website_benefit_id_seq; Type: SEQUENCE SET; Schema: public; Owner: vasco
--

SELECT pg_catalog.setval('public.website_benefit_id_seq', 3, true);


--
-- Name: website_client_id_seq; Type: SEQUENCE SET; Schema: public; Owner: vasco
--

SELECT pg_catalog.setval('public.website_client_id_seq', 1, true);


--
-- Name: website_contactmessage_id_seq; Type: SEQUENCE SET; Schema: public; Owner: vasco
--

SELECT pg_catalog.setval('public.website_contactmessage_id_seq', 1, false);


--
-- Name: website_post_id_seq; Type: SEQUENCE SET; Schema: public; Owner: vasco
--

SELECT pg_catalog.setval('public.website_post_id_seq', 1, true);


--
-- Name: website_product_id_seq; Type: SEQUENCE SET; Schema: public; Owner: vasco
--

SELECT pg_catalog.setval('public.website_product_id_seq', 1, true);


--
-- Name: website_productcategory_id_seq; Type: SEQUENCE SET; Schema: public; Owner: vasco
--

SELECT pg_catalog.setval('public.website_productcategory_id_seq', 1, true);


--
-- Name: website_service_id_seq; Type: SEQUENCE SET; Schema: public; Owner: vasco
--

SELECT pg_catalog.setval('public.website_service_id_seq', 1, true);


--
-- Name: website_siteconfig_id_seq; Type: SEQUENCE SET; Schema: public; Owner: vasco
--

SELECT pg_catalog.setval('public.website_siteconfig_id_seq', 1, true);


--
-- Name: website_teammember_id_seq; Type: SEQUENCE SET; Schema: public; Owner: vasco
--

SELECT pg_catalog.setval('public.website_teammember_id_seq', 1, true);


--
-- Name: website_testimonial_id_seq; Type: SEQUENCE SET; Schema: public; Owner: vasco
--

SELECT pg_catalog.setval('public.website_testimonial_id_seq', 1, true);


--
-- Name: auth_group auth_group_name_key; Type: CONSTRAINT; Schema: public; Owner: vasco
--

ALTER TABLE ONLY public.auth_group
    ADD CONSTRAINT auth_group_name_key UNIQUE (name);


--
-- Name: auth_group_permissions auth_group_permissions_group_id_permission_id_0cd325b0_uniq; Type: CONSTRAINT; Schema: public; Owner: vasco
--

ALTER TABLE ONLY public.auth_group_permissions
    ADD CONSTRAINT auth_group_permissions_group_id_permission_id_0cd325b0_uniq UNIQUE (group_id, permission_id);


--
-- Name: auth_group_permissions auth_group_permissions_pkey; Type: CONSTRAINT; Schema: public; Owner: vasco
--

ALTER TABLE ONLY public.auth_group_permissions
    ADD CONSTRAINT auth_group_permissions_pkey PRIMARY KEY (id);


--
-- Name: auth_group auth_group_pkey; Type: CONSTRAINT; Schema: public; Owner: vasco
--

ALTER TABLE ONLY public.auth_group
    ADD CONSTRAINT auth_group_pkey PRIMARY KEY (id);


--
-- Name: auth_permission auth_permission_content_type_id_codename_01ab375a_uniq; Type: CONSTRAINT; Schema: public; Owner: vasco
--

ALTER TABLE ONLY public.auth_permission
    ADD CONSTRAINT auth_permission_content_type_id_codename_01ab375a_uniq UNIQUE (content_type_id, codename);


--
-- Name: auth_permission auth_permission_pkey; Type: CONSTRAINT; Schema: public; Owner: vasco
--

ALTER TABLE ONLY public.auth_permission
    ADD CONSTRAINT auth_permission_pkey PRIMARY KEY (id);


--
-- Name: auth_user_groups auth_user_groups_pkey; Type: CONSTRAINT; Schema: public; Owner: vasco
--

ALTER TABLE ONLY public.auth_user_groups
    ADD CONSTRAINT auth_user_groups_pkey PRIMARY KEY (id);


--
-- Name: auth_user_groups auth_user_groups_user_id_group_id_94350c0c_uniq; Type: CONSTRAINT; Schema: public; Owner: vasco
--

ALTER TABLE ONLY public.auth_user_groups
    ADD CONSTRAINT auth_user_groups_user_id_group_id_94350c0c_uniq UNIQUE (user_id, group_id);


--
-- Name: auth_user auth_user_pkey; Type: CONSTRAINT; Schema: public; Owner: vasco
--

ALTER TABLE ONLY public.auth_user
    ADD CONSTRAINT auth_user_pkey PRIMARY KEY (id);


--
-- Name: auth_user_user_permissions auth_user_user_permissions_pkey; Type: CONSTRAINT; Schema: public; Owner: vasco
--

ALTER TABLE ONLY public.auth_user_user_permissions
    ADD CONSTRAINT auth_user_user_permissions_pkey PRIMARY KEY (id);


--
-- Name: auth_user_user_permissions auth_user_user_permissions_user_id_permission_id_14a6b632_uniq; Type: CONSTRAINT; Schema: public; Owner: vasco
--

ALTER TABLE ONLY public.auth_user_user_permissions
    ADD CONSTRAINT auth_user_user_permissions_user_id_permission_id_14a6b632_uniq UNIQUE (user_id, permission_id);


--
-- Name: auth_user auth_user_username_key; Type: CONSTRAINT; Schema: public; Owner: vasco
--

ALTER TABLE ONLY public.auth_user
    ADD CONSTRAINT auth_user_username_key UNIQUE (username);


--
-- Name: django_admin_log django_admin_log_pkey; Type: CONSTRAINT; Schema: public; Owner: vasco
--

ALTER TABLE ONLY public.django_admin_log
    ADD CONSTRAINT django_admin_log_pkey PRIMARY KEY (id);


--
-- Name: django_content_type django_content_type_app_label_model_76bd3d3b_uniq; Type: CONSTRAINT; Schema: public; Owner: vasco
--

ALTER TABLE ONLY public.django_content_type
    ADD CONSTRAINT django_content_type_app_label_model_76bd3d3b_uniq UNIQUE (app_label, model);


--
-- Name: django_content_type django_content_type_pkey; Type: CONSTRAINT; Schema: public; Owner: vasco
--

ALTER TABLE ONLY public.django_content_type
    ADD CONSTRAINT django_content_type_pkey PRIMARY KEY (id);


--
-- Name: django_migrations django_migrations_pkey; Type: CONSTRAINT; Schema: public; Owner: vasco
--

ALTER TABLE ONLY public.django_migrations
    ADD CONSTRAINT django_migrations_pkey PRIMARY KEY (id);


--
-- Name: django_session django_session_pkey; Type: CONSTRAINT; Schema: public; Owner: vasco
--

ALTER TABLE ONLY public.django_session
    ADD CONSTRAINT django_session_pkey PRIMARY KEY (session_key);


--
-- Name: website_benefit website_benefit_pkey; Type: CONSTRAINT; Schema: public; Owner: vasco
--

ALTER TABLE ONLY public.website_benefit
    ADD CONSTRAINT website_benefit_pkey PRIMARY KEY (id);


--
-- Name: website_client website_client_pkey; Type: CONSTRAINT; Schema: public; Owner: vasco
--

ALTER TABLE ONLY public.website_client
    ADD CONSTRAINT website_client_pkey PRIMARY KEY (id);


--
-- Name: website_contactmessage website_contactmessage_pkey; Type: CONSTRAINT; Schema: public; Owner: vasco
--

ALTER TABLE ONLY public.website_contactmessage
    ADD CONSTRAINT website_contactmessage_pkey PRIMARY KEY (id);


--
-- Name: website_post website_post_pkey; Type: CONSTRAINT; Schema: public; Owner: vasco
--

ALTER TABLE ONLY public.website_post
    ADD CONSTRAINT website_post_pkey PRIMARY KEY (id);


--
-- Name: website_post website_post_slug_key; Type: CONSTRAINT; Schema: public; Owner: vasco
--

ALTER TABLE ONLY public.website_post
    ADD CONSTRAINT website_post_slug_key UNIQUE (slug);


--
-- Name: website_product website_product_pkey; Type: CONSTRAINT; Schema: public; Owner: vasco
--

ALTER TABLE ONLY public.website_product
    ADD CONSTRAINT website_product_pkey PRIMARY KEY (id);


--
-- Name: website_product website_product_slug_key; Type: CONSTRAINT; Schema: public; Owner: vasco
--

ALTER TABLE ONLY public.website_product
    ADD CONSTRAINT website_product_slug_key UNIQUE (slug);


--
-- Name: website_productcategory website_productcategory_pkey; Type: CONSTRAINT; Schema: public; Owner: vasco
--

ALTER TABLE ONLY public.website_productcategory
    ADD CONSTRAINT website_productcategory_pkey PRIMARY KEY (id);


--
-- Name: website_productcategory website_productcategory_slug_key; Type: CONSTRAINT; Schema: public; Owner: vasco
--

ALTER TABLE ONLY public.website_productcategory
    ADD CONSTRAINT website_productcategory_slug_key UNIQUE (slug);


--
-- Name: website_service website_service_pkey; Type: CONSTRAINT; Schema: public; Owner: vasco
--

ALTER TABLE ONLY public.website_service
    ADD CONSTRAINT website_service_pkey PRIMARY KEY (id);


--
-- Name: website_service website_service_slug_key; Type: CONSTRAINT; Schema: public; Owner: vasco
--

ALTER TABLE ONLY public.website_service
    ADD CONSTRAINT website_service_slug_key UNIQUE (slug);


--
-- Name: website_siteconfig website_siteconfig_pkey; Type: CONSTRAINT; Schema: public; Owner: vasco
--

ALTER TABLE ONLY public.website_siteconfig
    ADD CONSTRAINT website_siteconfig_pkey PRIMARY KEY (id);


--
-- Name: website_siteconfig website_siteconfig_singleton_enforcer_key; Type: CONSTRAINT; Schema: public; Owner: vasco
--

ALTER TABLE ONLY public.website_siteconfig
    ADD CONSTRAINT website_siteconfig_singleton_enforcer_key UNIQUE (singleton_enforcer);


--
-- Name: website_teammember website_teammember_pkey; Type: CONSTRAINT; Schema: public; Owner: vasco
--

ALTER TABLE ONLY public.website_teammember
    ADD CONSTRAINT website_teammember_pkey PRIMARY KEY (id);


--
-- Name: website_testimonial website_testimonial_pkey; Type: CONSTRAINT; Schema: public; Owner: vasco
--

ALTER TABLE ONLY public.website_testimonial
    ADD CONSTRAINT website_testimonial_pkey PRIMARY KEY (id);


--
-- Name: auth_group_name_a6ea08ec_like; Type: INDEX; Schema: public; Owner: vasco
--

CREATE INDEX auth_group_name_a6ea08ec_like ON public.auth_group USING btree (name varchar_pattern_ops);


--
-- Name: auth_group_permissions_group_id_b120cbf9; Type: INDEX; Schema: public; Owner: vasco
--

CREATE INDEX auth_group_permissions_group_id_b120cbf9 ON public.auth_group_permissions USING btree (group_id);


--
-- Name: auth_group_permissions_permission_id_84c5c92e; Type: INDEX; Schema: public; Owner: vasco
--

CREATE INDEX auth_group_permissions_permission_id_84c5c92e ON public.auth_group_permissions USING btree (permission_id);


--
-- Name: auth_permission_content_type_id_2f476e4b; Type: INDEX; Schema: public; Owner: vasco
--

CREATE INDEX auth_permission_content_type_id_2f476e4b ON public.auth_permission USING btree (content_type_id);


--
-- Name: auth_user_groups_group_id_97559544; Type: INDEX; Schema: public; Owner: vasco
--

CREATE INDEX auth_user_groups_group_id_97559544 ON public.auth_user_groups USING btree (group_id);


--
-- Name: auth_user_groups_user_id_6a12ed8b; Type: INDEX; Schema: public; Owner: vasco
--

CREATE INDEX auth_user_groups_user_id_6a12ed8b ON public.auth_user_groups USING btree (user_id);


--
-- Name: auth_user_user_permissions_permission_id_1fbb5f2c; Type: INDEX; Schema: public; Owner: vasco
--

CREATE INDEX auth_user_user_permissions_permission_id_1fbb5f2c ON public.auth_user_user_permissions USING btree (permission_id);


--
-- Name: auth_user_user_permissions_user_id_a95ead1b; Type: INDEX; Schema: public; Owner: vasco
--

CREATE INDEX auth_user_user_permissions_user_id_a95ead1b ON public.auth_user_user_permissions USING btree (user_id);


--
-- Name: auth_user_username_6821ab7c_like; Type: INDEX; Schema: public; Owner: vasco
--

CREATE INDEX auth_user_username_6821ab7c_like ON public.auth_user USING btree (username varchar_pattern_ops);


--
-- Name: django_admin_log_content_type_id_c4bce8eb; Type: INDEX; Schema: public; Owner: vasco
--

CREATE INDEX django_admin_log_content_type_id_c4bce8eb ON public.django_admin_log USING btree (content_type_id);


--
-- Name: django_admin_log_user_id_c564eba6; Type: INDEX; Schema: public; Owner: vasco
--

CREATE INDEX django_admin_log_user_id_c564eba6 ON public.django_admin_log USING btree (user_id);


--
-- Name: django_session_expire_date_a5c62663; Type: INDEX; Schema: public; Owner: vasco
--

CREATE INDEX django_session_expire_date_a5c62663 ON public.django_session USING btree (expire_date);


--
-- Name: django_session_session_key_c0390e0f_like; Type: INDEX; Schema: public; Owner: vasco
--

CREATE INDEX django_session_session_key_c0390e0f_like ON public.django_session USING btree (session_key varchar_pattern_ops);


--
-- Name: website_post_author_id_eb04e995; Type: INDEX; Schema: public; Owner: vasco
--

CREATE INDEX website_post_author_id_eb04e995 ON public.website_post USING btree (author_id);


--
-- Name: website_post_slug_0e13d5d2_like; Type: INDEX; Schema: public; Owner: vasco
--

CREATE INDEX website_post_slug_0e13d5d2_like ON public.website_post USING btree (slug varchar_pattern_ops);


--
-- Name: website_product_category_id_62edcbd0; Type: INDEX; Schema: public; Owner: vasco
--

CREATE INDEX website_product_category_id_62edcbd0 ON public.website_product USING btree (category_id);


--
-- Name: website_product_slug_a14bb616_like; Type: INDEX; Schema: public; Owner: vasco
--

CREATE INDEX website_product_slug_a14bb616_like ON public.website_product USING btree (slug varchar_pattern_ops);


--
-- Name: website_productcategory_slug_394c1d71_like; Type: INDEX; Schema: public; Owner: vasco
--

CREATE INDEX website_productcategory_slug_394c1d71_like ON public.website_productcategory USING btree (slug varchar_pattern_ops);


--
-- Name: website_service_slug_73be4282_like; Type: INDEX; Schema: public; Owner: vasco
--

CREATE INDEX website_service_slug_73be4282_like ON public.website_service USING btree (slug varchar_pattern_ops);


--
-- Name: auth_group_permissions auth_group_permissio_permission_id_84c5c92e_fk_auth_perm; Type: FK CONSTRAINT; Schema: public; Owner: vasco
--

ALTER TABLE ONLY public.auth_group_permissions
    ADD CONSTRAINT auth_group_permissio_permission_id_84c5c92e_fk_auth_perm FOREIGN KEY (permission_id) REFERENCES public.auth_permission(id) DEFERRABLE INITIALLY DEFERRED;


--
-- Name: auth_group_permissions auth_group_permissions_group_id_b120cbf9_fk_auth_group_id; Type: FK CONSTRAINT; Schema: public; Owner: vasco
--

ALTER TABLE ONLY public.auth_group_permissions
    ADD CONSTRAINT auth_group_permissions_group_id_b120cbf9_fk_auth_group_id FOREIGN KEY (group_id) REFERENCES public.auth_group(id) DEFERRABLE INITIALLY DEFERRED;


--
-- Name: auth_permission auth_permission_content_type_id_2f476e4b_fk_django_co; Type: FK CONSTRAINT; Schema: public; Owner: vasco
--

ALTER TABLE ONLY public.auth_permission
    ADD CONSTRAINT auth_permission_content_type_id_2f476e4b_fk_django_co FOREIGN KEY (content_type_id) REFERENCES public.django_content_type(id) DEFERRABLE INITIALLY DEFERRED;


--
-- Name: auth_user_groups auth_user_groups_group_id_97559544_fk_auth_group_id; Type: FK CONSTRAINT; Schema: public; Owner: vasco
--

ALTER TABLE ONLY public.auth_user_groups
    ADD CONSTRAINT auth_user_groups_group_id_97559544_fk_auth_group_id FOREIGN KEY (group_id) REFERENCES public.auth_group(id) DEFERRABLE INITIALLY DEFERRED;


--
-- Name: auth_user_groups auth_user_groups_user_id_6a12ed8b_fk_auth_user_id; Type: FK CONSTRAINT; Schema: public; Owner: vasco
--

ALTER TABLE ONLY public.auth_user_groups
    ADD CONSTRAINT auth_user_groups_user_id_6a12ed8b_fk_auth_user_id FOREIGN KEY (user_id) REFERENCES public.auth_user(id) DEFERRABLE INITIALLY DEFERRED;


--
-- Name: auth_user_user_permissions auth_user_user_permi_permission_id_1fbb5f2c_fk_auth_perm; Type: FK CONSTRAINT; Schema: public; Owner: vasco
--

ALTER TABLE ONLY public.auth_user_user_permissions
    ADD CONSTRAINT auth_user_user_permi_permission_id_1fbb5f2c_fk_auth_perm FOREIGN KEY (permission_id) REFERENCES public.auth_permission(id) DEFERRABLE INITIALLY DEFERRED;


--
-- Name: auth_user_user_permissions auth_user_user_permissions_user_id_a95ead1b_fk_auth_user_id; Type: FK CONSTRAINT; Schema: public; Owner: vasco
--

ALTER TABLE ONLY public.auth_user_user_permissions
    ADD CONSTRAINT auth_user_user_permissions_user_id_a95ead1b_fk_auth_user_id FOREIGN KEY (user_id) REFERENCES public.auth_user(id) DEFERRABLE INITIALLY DEFERRED;


--
-- Name: django_admin_log django_admin_log_content_type_id_c4bce8eb_fk_django_co; Type: FK CONSTRAINT; Schema: public; Owner: vasco
--

ALTER TABLE ONLY public.django_admin_log
    ADD CONSTRAINT django_admin_log_content_type_id_c4bce8eb_fk_django_co FOREIGN KEY (content_type_id) REFERENCES public.django_content_type(id) DEFERRABLE INITIALLY DEFERRED;


--
-- Name: django_admin_log django_admin_log_user_id_c564eba6_fk_auth_user_id; Type: FK CONSTRAINT; Schema: public; Owner: vasco
--

ALTER TABLE ONLY public.django_admin_log
    ADD CONSTRAINT django_admin_log_user_id_c564eba6_fk_auth_user_id FOREIGN KEY (user_id) REFERENCES public.auth_user(id) DEFERRABLE INITIALLY DEFERRED;


--
-- Name: website_post website_post_author_id_eb04e995_fk_auth_user_id; Type: FK CONSTRAINT; Schema: public; Owner: vasco
--

ALTER TABLE ONLY public.website_post
    ADD CONSTRAINT website_post_author_id_eb04e995_fk_auth_user_id FOREIGN KEY (author_id) REFERENCES public.auth_user(id) DEFERRABLE INITIALLY DEFERRED;


--
-- Name: website_product website_product_category_id_62edcbd0_fk_website_p; Type: FK CONSTRAINT; Schema: public; Owner: vasco
--

ALTER TABLE ONLY public.website_product
    ADD CONSTRAINT website_product_category_id_62edcbd0_fk_website_p FOREIGN KEY (category_id) REFERENCES public.website_productcategory(id) DEFERRABLE INITIALLY DEFERRED;


--
-- Name: SCHEMA public; Type: ACL; Schema: -; Owner: pg_database_owner
--

GRANT ALL ON SCHEMA public TO vasco;


--
-- PostgreSQL database dump complete
--

\unrestrict v458SyxoHCElxiVH1pEFwTPHIH6hozR71qp8KTRujghLMxXKfHhb6IjzabsubVb

